{
    "info": {
		"_postman_id": "6d4a300c-cc85-4e01-a9bd-65cb4efc56a1",
		"name": "IDWHR (Identity Server Webhooks Receiver Service)",
        "description": "Receives webhooks from Identity Server.",
		"schema": "https://schema.getpostman.com/json/collection/v2.1.0/collection.json"
    },
    "item": [
        {
            "name": "Webhook Callbacks",
            "description": "Provides the callbacks to receive the webhooks.",
            "item": [
                {
                    "name": "IdentityResourceCallback (Identity Resource Callback)",
                    "request": {
                        "description": "The callback to receive webhooks for identity resources.",
                        "method": "POST",
                        "header": [
							{
								"key": "Content-Type",
								"name": "Content-Type",
								"type": "text",
								"value": "application/json"
							}
						],
                        "url": {
                            "raw": "{{serverBaseAddress}}/api/v{{apiVersion}}/webhookcallbacks/identityresources",
							"host": [
								"{{server}}"
							],
							"path": [
								"api",
								"v{{apiVersion}}",
								"webhookcallbacks",
								"identityresources"
							]
                        }
                    },
                    "response": []
                }
            ]
        },
        {
            "name": "Monitoring",
            "description": "Provides operations to monitor the service.",
            "item": [
                {
                    "name": "Probe (Probe)",
                    "request": {
                        "description": "Probes the service.",
                        "method": "GET",
                        "header": [],
                        "url": {
                            "raw": "{{serverBaseAddress}}/api/v{{apiVersion}}/monitoring/probe",
							"host": [
								"{{server}}"
							],
							"path": [
								"api",
								"v{{apiVersion}}",
								"monitoring",
								"probe"
							]
                        }
                    }
                },
                {
                    "name": "Diagnostics (Diagnostics)",
                    "request": {
                        "description": "Diagnoses the service.",
                        "method": "GET",
                        "header": [],
                        "url": {
                            "raw": "{{serverBaseAddress}}/api/v{{apiVersion}}/monitoring/diagnostics",
							"host": [
								"{{server}}"
							],
							"path": [
								"api",
								"v{{apiVersion}}",
								"monitoring",
								"diagnostics"
							]
                        }
                    }
                },
                {
                    "name": "Endpoints (Endpoints)",
                    "request": {
                        "description": "Analyzes the endpoints of the service.",
                        "method": "GET",
                        "header": [],
                        "url": {
                            "raw": "{{serverBaseAddress}}/api/v{{apiVersion}}/monitoring/endpoints",
							"host": [
								"{{server}}"
							],
							"path": [
								"api",
								"v{{apiVersion}}",
								"monitoring",
								"endpoints"
							]
                        }
                    }
                },
                {
                    "name": "Configuration (Configuration)",
                    "request": {
                        "description": "Analyzes the configuration of the service.",
                        "method": "GET",
                        "header": [],
                        "url": {
                            "raw": "{{serverBaseAddress}}/api/v{{apiVersion}}/monitoring/configuration",
							"host": [
								"{{server}}"
							],
							"path": [
								"api",
								"v{{apiVersion}}",
								"monitoring",
								"configuration"
							]
                        }
                    }
                }
            ]
        }
    ],
    "variable": [
        {
            "id": "3483f3da-95f9-0c58-e539-53c7320c565c",
			"key": "server",
			"value": "https://localhost:20001",
			"type": "string"
        },
        {
            "id": "85b7bc52-baa6-050e-c863-0f3e547a97ac",
			"key": "apiVersion",
			"value": "1.0",
			"type": "string"
        },
        {
            "id": "39521f91-db11-b1a0-ac0f-de7047e03875",
			"key": "tokenUrl",
			"value": "https://stg-identity.primaverabss.com/connect/token",
			"type": "string"
        },
        {
            "id": "dd6e7d9a-3e4e-6147-7f5b-a787819410ef",
			"key": "clientId",
			"value": "lithium-identityserverwebhooksreceiver-clientcredentials",
			"type": "string"
        },
        {
            "id": "afaba804-ba53-b82a-46a6-e01b9aa1243b",
			"key": "clientSecret",
			"value": "hellowebhooks",
			"type": "string"
        }
    ]
}
