﻿{
    "info": {
		"_postman_id": "6d4a300c-cc85-4e01-a9bd-65cb4efc56a1",
		"name": "WHP (Webhooks Publisher Service)",
        "description": "Provides a testing environment for developing the WebHooks infrastructure on Lithium.",
		"schema": "https://schema.getpostman.com/json/collection/v2.1.0/collection.json"
    },
    "item": [
        {
            "name": "Customers",
            "description": "Provides operations on customers.",
            "item": [
                {
                    "name": "CreateCustomer (Create Customer)",
                    "request": {
                        "description": "Creates the specified customer.",
                        "method": "POST",
                        "header": [
							{
								"key": "Content-Type",
								"name": "Content-Type",
								"type": "text",
								"value": "application/json"
							}
						],
                        "body": {
                            "mode": "raw",
							"raw": "{\n\t\"Customer\": \"\"\n}"
                        },
                        "url": {
                            "raw": "{{serverBaseAddress}}/api/v{{apiVersion}}/customers",
							"host": [
								"{{server}}"
							],
							"path": [
								"api",
								"v{{apiVersion}}",
								"customers"
							]
                        }
                    },
                    "response": []
                },
                {
                    "name": "DeleteCustomer (Delete Customer)",
                    "request": {
                        "description": "Deletes the specified customer.",
                        "method": "DELETE",
                        "header": [],
                        "url": {
                            "raw": "{{serverBaseAddress}}/api/v{{apiVersion}}/customers/{{customer}}",
							"host": [
								"{{server}}"
							],
							"path": [
								"api",
								"v{{apiVersion}}",
								"customers",
								"{{customer}}"
							]
                        }
                    },
                    "response": []
                },
                {
                    "name": "GetCustomer (Get Customer)",
                    "request": {
                        "description": "Retrieves the specified customer.",
                        "method": "GET",
                        "header": [],
                        "url": {
                            "raw": "{{serverBaseAddress}}/api/v{{apiVersion}}/customers/{{customer}}",
							"host": [
								"{{server}}"
							],
							"path": [
								"api",
								"v{{apiVersion}}",
								"customers",
								"{{customer}}"
							]
                        }
                    },
                    "response": []
                }
            ]
        },
        {
            "name": "Monitoring",
            "description": "Provides operations to monitor the service.",
            "item": [
                {
                    "name": "Probe (Probe)",
                    "request": {
                        "description": "Probes the service.",
                        "method": "GET",
                        "header": [],
                        "url": {
                            "raw": "{{serverBaseAddress}}/api/v{{apiVersion}}/monitoring/probe",
							"host": [
								"{{server}}"
							],
							"path": [
								"api",
								"v{{apiVersion}}",
								"monitoring",
								"probe"
							]
                        }
                    }
                },
                {
                    "name": "Diagnostics (Diagnostics)",
                    "request": {
                        "description": "Diagnoses the service.",
                        "method": "GET",
                        "header": [],
                        "url": {
                            "raw": "{{serverBaseAddress}}/api/v{{apiVersion}}/monitoring/diagnostics",
							"host": [
								"{{server}}"
							],
							"path": [
								"api",
								"v{{apiVersion}}",
								"monitoring",
								"diagnostics"
							]
                        }
                    }
                },
                {
                    "name": "Endpoints (Endpoints)",
                    "request": {
                        "description": "Analyzes the endpoints of the service.",
                        "method": "GET",
                        "header": [],
                        "url": {
                            "raw": "{{serverBaseAddress}}/api/v{{apiVersion}}/monitoring/endpoints",
							"host": [
								"{{server}}"
							],
							"path": [
								"api",
								"v{{apiVersion}}",
								"monitoring",
								"endpoints"
							]
                        }
                    }
                },
                {
                    "name": "Configuration (Configuration)",
                    "request": {
                        "description": "Analyzes the configuration of the service.",
                        "method": "GET",
                        "header": [],
                        "url": {
                            "raw": "{{serverBaseAddress}}/api/v{{apiVersion}}/monitoring/configuration",
							"host": [
								"{{server}}"
							],
							"path": [
								"api",
								"v{{apiVersion}}",
								"monitoring",
								"configuration"
							]
                        }
                    }
                }
            ]
        },
        {
            "name": "Webhooks",
            "description": "Provides operations to manage webhooks on the service.",
            "item": [
                {
                    "name": "GetWebhooksMetadata (Get Webhooks Metadata)",
                    "request": {
                        "description": "Retrieves metadata about all webhooks available.",
                        "method": "GET",
                        "header": [],
                        "url": {
                            "raw": "{{serverBaseAddress}}/api/webhooks",
							"host": [
								"{{server}}"
							],
							"path": [
								"api",
								"webhooks"
							]
                        }
                    }
                },
                {
                    "name": "CreateSubscription (Create Webhook Subscription)",
                    "request": {
                        "description": "Creates a new webhook subscription.",
                        "method": "POST",
                        "header": [
							{
								"key": "Content-Type",
								"name": "Content-Type",
								"type": "text",
								"value": "application/json"
							}
						],
						"body": {
							"mode": "raw",
							"raw": "{\n\t\"clientId\": \"{{clientApplicationId}}\",\n\t\"eventNames\": [\n\t\t\"Entity_Verb\"\n\t],\n\t\"callbackUrl\": \"{{callbackUrl}}\",\n\t\"active\": true,\n\t\"secret\": \"{{secret}}\"\n}"
						},
                        "url": {
                            "raw": "{{serverBaseAddress}}/api/webhooks",
							"host": [
								"{{server}}"
							],
							"path": [
								"api",
								"webhooks"
							]
                        }
                    }
                },
                {
                    "name": "UpdateSubscription (Update Webhook Subscription)",
                    "request": {
                        "description": "Updates an existing webhook subscription",
                        "method": "PUT",
                        "header": [
							{
								"key": "Content-Type",
								"name": "Content-Type",
								"type": "text",
								"value": "application/json"
							}
						],
						"body": {
							"mode": "raw",
							"raw": "{\n\t\"clientId\": \"{{clientApplicationId}}\",\n\t\"subscriptionId\": \"{{subscriptionId}}\",\n\t\"eventNames\": [\n\t\t\"Entity_Verb\"\n\t],\n\t\"callbackUrl\": \"{{callbackUrl}}\",\n\t\"active\": true,\n\t\"secret\": \"{{secret}}\"\n}"
						},
                        "url": {
                            "raw": "{{serverBaseAddress}}/api/webhooks",
							"host": [
								"{{server}}"
							],
							"path": [
								"api",
								"webhooks"
							]
                        }
                    }
                },
                {
                    "name": "DeleteSubscription (Delete Webhook Subscription)",
                    "request": {
                        "description": "Deletes a webhook subscription.",
                        "method": "DELETE",
                        "header": [],
                        "url": {
                            "raw": "{{serverBaseAddress}}/api/webhooks/{{clientApplicationId}}/{{subscriptionId}}",
							"host": [
								"{{server}}"
							],
							"path": [
								"api",
								"webhooks",
								"{{clientApplicationId}}",
								"{{subscriptionId}}"
							]
                        }
                    }
                },
                {
                    "name": "DeleteSubscriptions (Delete Webhook Subscriptions)",
                    "request": {
                        "description": "Deletes all webhook subscriptions for a client application.",
                        "method": "DELETE",
                        "header": [],
                        "url": {
                            "raw": "{{serverBaseAddress}}/api/webhooks/{{clientApplicationId}}",
							"host": [
								"{{server}}"
							],
							"path": [
								"api",
								"webhooks",
								"{{clientApplicationId}}"
							]
                        }
                    }
                },
                {
                    "name": "GetSubscriptions (Get Webhook Subscriptions)",
                    "request": {
                        "description": "Retrieves all webhook subscriptions for a client application.",
                        "method": "GET",
                        "header": [],
                        "url": {
                            "raw": "{{serverBaseAddress}}/api/webhooks/{{clientApplicationId}}",
							"host": [
								"{{server}}"
							],
							"path": [
								"api",
								"webhooks",
								"{{clientApplicationId}}"
							]
                        }
                    }
                },
                {
                    "name": "GetSubscription (Get Webhook Subscription)",
                    "request": {
                        "description": "Retrieves a webhook subscription.",
                        "method": "GET",
                        "header": [],
                        "url": {
                            "raw": "{{serverBaseAddress}}/api/webhooks/{{clientApplicationId}}/{{subscriptionId}}",
							"host": [
								"{{server}}"
							],
							"path": [
								"api",
								"webhooks",
								"{{clientApplicationId}}",
								"{{subscriptionId}}"
							]
                        }
                    }
                },
                {
                    "name": "PingSubscription (Ping Webhook Subscription)",
                    "request": {
                        "description": "Pings a webhook subscription.",
                        "method": "POST",
                        "header": [],
                        "url": {
                            "raw": "{{serverBaseAddress}}/api/webhooks/{{clientApplicationId}}/{{subscriptionId}}/ping",
							"host": [
								"{{server}}"
							],
							"path": [
								"api",
								"webhooks",
								"{{clientApplicationId}}",
								"{{subscriptionId}}",
								"ping"
							]
                        }
                    }
                }
            ]
        }
    ],
    "variable": [
        {
            "id": "3483f3da-95f9-0c58-e539-53c7320c565c",
			"key": "server",
			"value": "https://localhost:20001",
			"type": "string"
        },
        {
            "id": "85b7bc52-baa6-050e-c863-0f3e547a97ac",
			"key": "apiVersion",
			"value": "1.0",
			"type": "string"
        },
        {
            "id": "39521f91-db11-b1a0-ac0f-de7047e03875",
			"key": "tokenUrl",
			"value": "https://stg-identity.primaverabss.com/connect/token",
			"type": "string"
        },
        {
            "id": "dd6e7d9a-3e4e-6147-7f5b-a787819410ef",
			"key": "clientId",
			"value": "lithium-webhookspublisher-clientcredentials",
			"type": "string"
        },
        {
            "id": "afaba804-ba53-b82a-46a6-e01b9aa1243b",
			"key": "clientSecret",
			"value": "onesecret",
			"type": "string"
        }
    ]
}
