﻿{
  "description": {
    "id": "WHP",
    "name": "WebhooksPublisher",
    "displayName": "Webhooks Publisher Service",
    "summary": "Provides a testing environment for developing the WebHooks infrastructure on Lithium."
  },
  "dependencies": [
    "DistributedCache",
    "TableStorage"
  ],
  "backgroundServices": [],
  "appSettings": {
    "standard": [
      {
        "name": "Logging:IncludeScopes",
        "description": "Indicates whether log scopes are enabled.",
        "global": false,
        "alwaysOverride": false,
        "value": {
          "pd": false
        }
      },
      {
        "name": "Logging:Debug:LogLevel:Default",
        "description": "The default log level for the Debug provider.",
        "global": false,
        "alwaysOverride": false,
        "value": {
          "dv": "Trace",
          "pd": "Warning"
        }
      },
      {
        "name": "Logging:Console:LogLevel:Default",
        "description": "The default log level for the Console provider.",
        "global": false,
        "alwaysOverride": false,
        "value": {
          "dv": "Trace",
          "pd": "Warning"
        }
      },
      {
        "name": "Logging:ApplicationInsights:LogLevel:Default",
        "description": "The default log level for the Application Insights provider.",
        "global": false,
        "alwaysOverride": false,
        "value": {
          "dv": "Trace",
          "pd": "Warning"
        }
      },
      {
        "name": "HostConfiguration:IdentityServerBaseUri",
        "description": "The Identity Server base address.",
        "global": true,
        "alwaysOverride": true,
        "value": {
          "dv": "https://stg-identity.primaverabss.com",
          "st": "https://stg-identity.primaverabss.com",
          "pd": "https://identity.primaverabss.com"
        }
      },
      {
        "name": "AzureInsightsTelemetryOptions:Enabled",
        "description": "Indicates whether telemetry on Azure Application Insights is enabled.",
        "global": false,
        "alwaysOverride": false,
        "value": {
          "pd": true
        }
      },
      {
        "name": "AzureInsightsTelemetryOptions:IgnoreErrors",
        "description": "Indicates whether errors while recording telemetry should be ignored.",
        "global": false,
        "alwaysOverride": false,
        "value": {
          "pd": true
        }
      },
      {
        "name": "AzureInsightsTelemetryOptions:DeveloperMode",
        "description": "Indicates whether the developer mode is enabled. When enabled, telemetry records are dispatched faster.",
        "global": false,
        "alwaysOverride": false,
        "value": {
          "dv": true,
          "pd": false
        }
      },
      {
        "name": "AzureInsightsTelemetryOptions:EnableAdaptiveSampling",
        "description": "Indicates whether adaptive sampling is enabled.",
        "global": false,
        "alwaysOverride": false,
        "value": {
          "pd": false
        }
      },
      {
        "name": "AzureInsightsTelemetryOptions:DefaultProperties:Lithium-Service",
        "description": "The default property that identifies the Lithium service.",
        "global": false,
        "alwaysOverride": false,
        "value": {
          "pd": "WebhooksPublisher"
        }
      },
      {
        "name": "AzureInsightsTelemetryOptions:InstrumentationKey",
        "description": "The Azure Application Insights instrumentation key.",
        "global": false,
        "alwaysOverride": true,
        "value": {}
      },
      {
        "name": "AzureInsightsTelemetryOptions:RequestTracking:TrackRequestHeaders",
        "description": "Indicates whether request headers should be tracked.",
        "global": false,
        "alwaysOverride": false,
        "value": {
          "pd": true
        }
      },
      {
        "name": "AzureInsightsTelemetryOptions:RequestTracking:TrackResponseHeaders",
        "description": "Indicates whether response headers should be tracked.",
        "global": false,
        "alwaysOverride": false,
        "value": {
          "pd": false
        }
      },
      {
        "name": "AzureInsightsTelemetryOptions:RequestTracking:IgnoreAvailabilityTestsRequests",
        "description": "Indicates whether requests to availability endpoints should be ignored in telemetry.",
        "global": false,
        "alwaysOverride": false,
        "value": {
          "pd": true
        }
      },
      {
        "name": "AzureKeyVaultSecretsStorageOptions:AutomaticAuthenticationEnabled",
        "description": "Indicates whether automatic authentication with Azure KeyVault is enabled.",
        "global": false,
        "alwaysOverride": false,
        "value": {
          "dv": false,
          "st": true,
          "pd": true
        }
      },
      {
        "name": "AzureKeyVaultSecretsStorageOptions:ClientId",
        "description": "The client identifier that should be used to authenticate with Azure KeyVault (when automatic authentication is disabled or not configured.",
        "global": false,
        "alwaysOverride": false,
        "value": {}
      },
      {
        "name": "AzureKeyVaultSecretsStorageOptions:ClientSecret",
        "description": "The client secret that should be used to authenticate with Azure KeyVault (when automatic authentication is disabled or not configured.",
        "global": false,
        "alwaysOverride": false,
        "value": {}
      },
      {
        "name": "AzureKeyVaultSecretsStorageOptions:ConfigurationStorageBaseUrl",
        "description": "The base address of the Azure KeyVault that should be used for configuration.",
        "global": false,
        "alwaysOverride": false,
        "value": {}
      },
      {
        "name": "AzureTableStorageOptions:ConnectionString",
        "description": "The connection string used by the Table Storage service.",
        "global": false,
        "alwaysOverride": true,
        "value": {}
      },
      {
        "name": "RedisCacheOptions:ConnectionString",
        "description": "The connection string for the REDIS cache instance.",
        "global": false,
        "alwaysOverride": true,
        "value": {}
      },
      {
        "name": "RedisCacheOptions:InstanceName",
        "description": "The name of the REDIS cache instance that should be used.",
        "global": false,
        "alwaysOverride": false,
        "value": {}
      },
      {
        "name": "ResilientCacheOptions:MaxRetries",
        "description": "The maximum number of times that operations on the REDIS cache should be retried.",
        "global": false,
        "alwaysOverride": false,
        "value": {
          "pd": 2
        }
      },
      {
        "name": "ResilientCacheOptions:MinRetryBackoff",
        "description": "The minimum back-off time between retries on the REDIS cache.",
        "global": false,
        "alwaysOverride": false,
        "value": {
          "pd": "00:00:01"
        }
      },
      {
        "name": "WebhooksOptions:ApplicationName",
        "description": "The name of the application that provides the webhooks.",
        "global": false,
        "alwaysOverride": false,
        "value": {}
      },
      {
        "name": "WebhooksOptions:EventsSupported",
        "description": "The webhooks events supported by the application.",
        "global": false,
        "alwaysOverride": false,
        "value": {}
      },
      {
        "name": "WebhooksOptions:CallbackTimeout",
        "description": "The timeout when invoking webhooks callback actions.",
        "global": false,
        "alwaysOverride": false,
        "value": {}
      },
      {
        "name": "WebhooksOptions:CallbackMaxRetries",
        "description": "The maximum number of times the callback action will be invoked before the webhook subscription is inactivated.",
        "global": false,
        "alwaysOverride": false,
        "value": {}
      }
    ],
    "custom": []
  },
  "apiResource": {
    "scopes": [],
    "claims": []
  },
  "clients": [],
  "endpoints": [
    {
      "controller": "Monitoring",
      "name": "Probe",
      "route": "GET api/v{version:apiVersion}/monitoring/probe",
      "summary": "Allows probing the health of the service.",
      "apiVersions": [
        {
          "version": "1.0",
          "isDefault": true
        }
      ]
    },
    {
      "controller": "Monitoring",
      "name": "Diagnostics",
      "route": "GET api/v{version:apiVersion}/monitoring/diagnostics",
      "summary": "Allows diagnosing the health of the service.",
      "apiVersions": [
        {
          "version": "1.0",
          "isDefault": true
        }
      ]
    },
    {
      "controller": "Monitoring",
      "name": "Endpoints",
      "route": "GET api/v{version:apiVersion}/monitoring/endpoints",
      "summary": "Allows verifying the endpoints of the service.",
      "apiVersions": [
        {
          "version": "1.0",
          "isDefault": true
        }
      ]
    },
    {
      "controller": "Monitoring",
      "name": "Configuration",
      "route": "GET api/v{version:apiVersion}/monitoring/configuration",
      "summary": "Allows verifying the configuration of the service.",
      "apiVersions": [
        {
          "version": "1.0",
          "isDefault": true
        }
      ]
    },
    {
      "controller": "Customers",
      "name": "CreateCustomer",
      "route": "POST /api/v{version:apiVersion}/customers",
      "summary": "Allows diagnosing the health of the service.",
      "apiVersions": [
        {
          "version": "1.0",
          "isDefault": true
        }
      ]
    },
    {
      "controller": "Customers",
      "name": "DeleteCustomer",
      "route": "DELETE /api/v{version:apiVersion}/customers/{customer}",
      "summary": "Allows diagnosing the health of the service.",
      "apiVersions": [
        {
          "version": "1.0",
          "isDefault": true
        }
      ]
    },
    {
      "controller": "Customers",
      "name": "GetCustomer",
      "route": "GET /api/v{version:apiVersion}/customers/{customer}",
      "summary": "Allows diagnosing the health of the service.",
      "apiVersions": [
        {
          "version": "1.0",
          "isDefault": true
        }
      ]
    }
  ],
  "webhooks": [
    {
      "name": "Customer_Created",
      "eventDescription": "Triggered when a new customer is created.",
      "payloadDescription": "The payload includes the identifier of the customer created."
    },
    {
      "name": "Customer_Deleted",
      "eventDescription": "Triggered when a customer is deleted.",
      "payloadDescription": "The payload includes the identifier of the customer deleted."
    },
    {
      "name": "Customer_Updated",
      "eventDescription": "Triggered when a customer is updated.",
      "payloadDescription": "The payload includes the identifier of the customer updated."
    }
  ],
  "apiVersions": [
    {
      "version": "1.0",
      "isDefault": true
    }
  ],
  "authorizationPolicies": [],
  "features": [
    {
      "name": "ClientLibCSharp",
      "summary": "Provides a C# client library to consume the service Web API.",
      "isAvailable": true
    },
    {
      "name": "WebApi",
      "summary": "Provides a Web API.",
      "isAvailable": true
    },
    {
      "name": "Webhooks",
      "summary": "Provides webhooks in the Web API.",
      "isAvailable": true
    },
    {
      "name": "WebApiVersioning",
      "summary": "Uses versioning in the Web API.",
      "isAvailable": true
    },
    {
      "name": "BackgroundServices",
      "summary": "Includes background services has hosted services.",
      "isAvailable": false
    },
    {
      "name": "OidcAuthentication",
      "summary": "Uses OIDC authentication.",
      "isAvailable": false
    }
  ]
}