﻿{
    "info": {
		"_postman_id": "6d4a300c-cc85-4e01-a9bd-65cb4efc56a1",
		"name": "HWS (Hello World Service)",
        "description": "Provides hello world operations.",
		"schema": "https://schema.getpostman.com/json/collection/v2.1.0/collection.json"
    },
    "item": [
        {
            "name": "Monitoring",
            "description": "Provides operations to monitor the service.",
            "item": [
                {
                    "name": "Probe (Probe)",
                    "request": {
                        "description": "Probes the service.",
                        "method": "GET",
                        "header": [],
                        "url": {
                            "raw": "{{serverBaseAddress}}/api/v{{apiVersion}}/monitoring/probe",
							"host": [
								"{{server}}"
							],
							"path": [
								"api",
								"v{{apiVersion}}",
								"monitoring",
								"probe"
							]
                        }
                    }
                },
                {
                    "name": "Diagnostics (Diagnostics)",
                    "request": {
                        "description": "Diagnoses the service.",
                        "method": "GET",
                        "header": [],
                        "url": {
                            "raw": "{{serverBaseAddress}}/api/v{{apiVersion}}/monitoring/diagnostics",
							"host": [
								"{{server}}"
							],
							"path": [
								"api",
								"v{{apiVersion}}",
								"monitoring",
								"diagnostics"
							]
                        }
                    }
                }
            ]
        },
        {
            "name": "Hello World",
            "description": "Provides hello world operations.",
            "item": [
                {
                    "name": "GetHelloWorld (Get Hello World)",
                    "request": {
                        "description": "Returns a hello world message based on the input name.",
                        "method": "GET",
                        "header": [],
                        "url": {
                            "raw": "{{serverBaseAddress}}/api/v{{apiVersion}}/helloworld/{{inputName}}",
							"host": [
								"{{server}}"
							],
							"path": [
								"api",
								"v{{apiVersion}}",
								"helloworld",
								"{{inputName}}"
							]
                        }
                    },
                    "response": []
                }
            ]
        }
    ],
    "variable": [
        {
            "id": "3483f3da-95f9-0c58-e539-53c7320c565c",
			"key": "server",
			"value": "http://localhost:20000",
			"type": "string"
        },
        {
            "id": "85b7bc52-baa6-050e-c863-0f3e547a97ac",
			"key": "apiVersion",
			"value": "1.0",
			"type": "string"
        },
        {
            "id": "39521f91-db11-b1a0-ac0f-de7047e03875",
			"key": "tokenUrl",
			"value": "https://stg-identity.primaverabss.com/connect/token",
			"type": "string"
        },
        {
            "id": "dd6e7d9a-3e4e-6147-7f5b-a787819410ef",
			"key": "clientId",
			"value": "lithium-hello world-clientcredentials",
			"type": "string"
        },
        {
            "id": "afaba804-ba53-b82a-46a6-e01b9aa1243b",
			"key": "clientSecret",
			"value": "set-secret-here",
			"type": "string"
        }
    ]
}
