﻿{
  "description": {
    "id": "HWS",
    "name": "HelloWorld",
    "displayName": "Hello World Service",
    "summary": "Provides hello world operations."
  },
  "dependencies": [],
  "backgroundServices": [],
  "appSettings": {
    "standard": [
      {
        "name": "Logging:IncludeScopes",
        "value": {
          "pd": false
        }
      },
      {
        "name": "Logging:Debug:LogLevel:Default",
        "value": {
          "dv": "Trace",
          "pd": "Warning"
        }
      },
      {
        "name": "Logging:Debug:LogLevel:Primavera",
        "value": {
          "dv": "Trace",
          "pd": "Information"
        }
      },
      {
        "name": "Logging:Debug:LogLevel:Microsoft.AspNetCore.Authentication",
        "value": {
          "dv": "Trace",
          "pd": "Information"
        }
      },
      {
        "name": "Logging:Debug:LogLevel:Microsoft.AspNetCore.Authorization",
        "value": {
          "dv": "Trace",
          "pd": "Information"
        }
      },
      {
        "name": "Logging:Console:LogLevel:Default",
        "value": {
          "dv": "Trace",
          "pd": "Warning"
        }
      },
      {
        "name": "Logging:Console:LogLevel:Primavera",
        "value": {
          "dv": "Trace",
          "pd": "Information"
        }
      },
      {
        "name": "Logging:Console:LogLevel:Microsoft.AspNetCore.Authentication",
        "value": {
          "dv": "Trace",
          "pd": "Information"
        }
      },
      {
        "name": "Logging:Console:LogLevel:Microsoft.AspNetCore.Authorization",
        "value": {
          "dv": "Trace",
          "pd": "Information"
        }
      },
      {
        "name": "Logging:ApplicationInsights:LogLevel:Default",
        "value": {
          "dv": "Trace",
          "pd": "Warning"
        }
      },
      {
        "name": "Logging:ApplicationInsights:LogLevel:Primavera",
        "value": {
          "dv": "Trace",
          "pd": "Information"
        }
      },
      {
        "name": "Logging:ApplicationInsights:LogLevel:Microsoft.AspNetCore.Authentication",
        "value": {
          "dv": "Trace",
          "pd": "Information"
        }
      },
      {
        "name": "Logging:ApplicationInsights:LogLevel:Microsoft.AspNetCore.Authorization",
        "value": {
          "dv": "Trace",
          "pd": "Information"
        }
      },
      {
        "name": "HostConfiguration:IdentityServerBaseUri",
        "alwaysOverride": true,
        "value": {
          "dv": "https://stg-identity.primaverabss.com",
          "st": "https://stg-identity.primaverabss.com",
          "pd": "https://identity.primaverabss.com"
        }
      },
      {
        "name": "ThrottlingOptions:Enabled",
        "value": {
          "pd": true
        }
      },
      {
        "name": "ThrottlingOptions:AllowAnonymous",
        "value": {
          "pd": true
        }
      },
      {
        "name": "ClientRateThrottlingOptions:GeneralRules:0:Endpoint",
        "value": {
          "pd": "*:/api/*"
        }
      },
      {
        "name": "ClientRateThrottlingOptions:GeneralRules:0:Period",
        "value": {
          "pd": "00:00:01"
        }
      },
      {
        "name": "ClientRateThrottlingOptions:GeneralRules:0:Limit",
        "value": {
          "pd": 100
        }
      },
      {
        "name": "AzureInsightsTelemetryOptions:Enabled",
        "value": {
          "pd": true
        }
      },
      {
        "name": "AzureInsightsTelemetryOptions:IgnoreErrors",
        "value": {
          "pd": true
        }
      },
      {
        "name": "AzureInsightsTelemetryOptions:DeveloperMode",
        "value": {
          "dv": true,
          "pd": false
        }
      },
      {
        "name": "AzureInsightsTelemetryOptions:EnableAdaptiveSampling",
        "value": {
          "pd": false
        }
      },
      {
        "name": "AzureInsightsTelemetryOptions:DefaultProperties:Lithium-Service",
        "value": {
          "pd": "HelloWorld"
        }
      },
      {
        "name": "AzureInsightsTelemetryOptions:InstrumentationKey",
        "alwaysOverride": true,
        "value": {}
      },
      {
        "name": "AzureInsightsTelemetryOptions:RequestTracking:TrackRequestHeaders",
        "value": {
          "pd": true
        }
      },
      {
        "name": "AzureInsightsTelemetryOptions:RequestTracking:TrackResponseHeaders",
        "value": {
          "pd": false
        }
      },
      {
        "name": "AzureInsightsTelemetryOptions:RequestTracking:IgnoreAvailabilityTestsRequests",
        "value": {
          "pd": true
        }
      },
      {
        "name": "AzureKeyVaultSecretsStorageOptions:AutomaticAuthenticationEnabled",
        "value": {
          "pd": true
        }
      },
      {
        "name": "AzureKeyVaultSecretsStorageOptions:ConfigurationStorageBaseUrl",
        "alwaysOverride": true,
        "value": {}
      }
    ],
    "custom": []
  },
  "apiResource": {
    "scopes": []
  },
  "clients": [],
  "endpoints": [
    {
      "controller": "Monitoring",
      "name": "Probe",
      "route": "GET api/v{version:apiVersion}/monitoring/probe",
      "summary": "Allows probing the health of the service.",
      "apiVersions": [
        {
          "version": "1.0",
          "isDefault": true
        }
      ]
    },
    {
      "controller": "Monitoring",
      "name": "Diagnostics",
      "route": "GET api/v{version:apiVersion}/monitoring/diagnostics",
      "summary": "Allows diagnosing the health of the service.",
      "apiVersions": [
        {
          "version": "1.0",
          "isDefault": true
        }
      ]
    },
    {
      "controller": "HelloWorld",
      "name": "GetHelloWorld",
      "route": "GET /api/v{version:apiVersion}/helloworld/{inputName}",
      "summary": "Allows diagnosing the health of the service.",
      "apiVersions": [
        {
          "version": "1.0",
          "isDefault": true
        }
      ]
    }
  ],
  "features": [
    {
      "name": "ClientLibCSharp",
      "summary": "Provides a C# client library to consume the service Web API.",
      "isAvailable": true
    },
    {
      "name": "WebApi",
      "summary": "Provides a Web API.",
      "isAvailable": true
    },
    {
      "name": "WebApiVersioning",
      "summary": "Uses versioning in the Web API.",
      "isAvailable": true
    },
    {
      "name": "Throttling",
      "summary": "Uses throttling in the Web API.",
      "isAvailable": true
    },
    {
      "name": "BackgroundServices",
      "summary": "Includes background services has hosted services."
    }
  ],
  "apiVersions": [
    {
      "version": "1.0",
      "isDefault": true
    }
  ]
}